Name,Card Link,Card Image URL
Blazing Scorcher,https://riftdecks.com/cards/details-blazing-scorcher,/img/cards/riftbound/OGN/ogn-001-298_full.png
Brazen Buccaneer,https://riftdecks.com/cards/details-brazen-buccaneer,/img/cards/riftbound/OGN/ogn-002-298_full.png
Chemtech Enforcer,https://riftdecks.com/cards/details-chemtech-enforcer,/img/cards/riftbound/OGN/ogn-003-298_full.png
Cleave,https://riftdecks.com/cards/details-cleave,/img/cards/riftbound/OGN/ogn-004-298_full.png
Disintegrate,https://riftdecks.com/cards/details-disintegrate,/img/cards/riftbound/OGN/ogn-005-298_full.png
Flame Chompers,https://riftdecks.com/cards/details-flame-chompers,/img/cards/riftbound/OGN/ogn-006-298_full.png
Fury Rune,https://riftdecks.com/cards/details-fury-rune,/img/cards/riftbound/OGN/ogn-007a-298_full.png
Get Excited!,https://riftdecks.com/cards/details-get-excited,/img/cards/riftbound/OGN/ogn-008-298_full.png
Hextech Ray,https://riftdecks.com/cards/details-hextech-ray,/img/cards/riftbound/OGN/ogn-009-298_full.png
Legion Rearguard,https://riftdecks.com/cards/details-legion-rearguard,/img/cards/riftbound/OGN/ogn-010-298_full.png
Magma Wurm,https://riftdecks.com/cards/details-magma-wurm,/img/cards/riftbound/OGN/ogn-011-298_full.png
Noxus Hopeful,https://riftdecks.com/cards/details-noxus-hopeful,/img/cards/riftbound/OGN/ogn-012-298_full.png
Pouty Poro,https://riftdecks.com/cards/details-pouty-poro,/img/cards/riftbound/OGN/ogn-013-298_full.png
Sky Splitter,https://riftdecks.com/cards/details-sky-splitter,/img/cards/riftbound/OGN/ogn-014-298_full.png
Captain Farron,https://riftdecks.com/cards/details-captain-farron,/img/cards/riftbound/OGN/ogn-015-298_full.png
Dangerous Duo,https://riftdecks.com/cards/details-dangerous-duo,/img/cards/riftbound/OGN/ogn-016-298_full.png
Iron Ballista,https://riftdecks.com/cards/details-iron-ballista,/img/cards/riftbound/OGN/ogn-017-298_full.png
Noxus Saboteur,https://riftdecks.com/cards/details-noxus-saboteur,/img/cards/riftbound/OGN/ogn-018-298_full.png
Raging Soul,https://riftdecks.com/cards/details-raging-soul,/img/cards/riftbound/OGN/ogn-019-298_full.png
Scrapyard Champion,https://riftdecks.com/cards/details-scrapyard-champion,/img/cards/riftbound/OGN/ogn-020-298_full.png
Sun Disc,https://riftdecks.com/cards/details-sun-disc,/img/cards/riftbound/OGN/ogn-021-298_full.png
Thermo Beam,https://riftdecks.com/cards/details-thermo-beam,/img/cards/riftbound/OGN/ogn-022-298_full.png
Unlicensed Armory,https://riftdecks.com/cards/details-unlicensed-armory,/img/cards/riftbound/OGN/ogn-023-298_full.png
Void Seeker,https://riftdecks.com/cards/details-void-seeker,/img/cards/riftbound/OGN/ogn-024-298_full.png
Blind Fury,https://riftdecks.com/cards/details-blind-fury,/img/cards/riftbound/OGN/ogn-025-298_full.png
Brynhir Thundersong,https://riftdecks.com/cards/details-brynhir-thundersong,/img/cards/riftbound/OGN/ogn-026-298_full.png
"Darius, Trifarian",https://riftdecks.com/cards/details-darius-trifarian,/img/cards/riftbound/OGN/ogn-027-298_full.png
"Draven, Showboat",https://riftdecks.com/cards/details-draven-showboat,/img/cards/riftbound/OGN/ogn-028-298_full.png
Falling Star,https://riftdecks.com/cards/details-falling-star,/img/cards/riftbound/OGN/ogn-029-298_full.png
"Jinx, Demolitionist",https://riftdecks.com/cards/details-jinx-demolitionist,/img/cards/riftbound/OGN/ogn-030-298_full.png
Raging Firebrand,https://riftdecks.com/cards/details-raging-firebrand,/img/cards/riftbound/OGN/ogn-031-298_full.png
Ravenborn Tome,https://riftdecks.com/cards/details-ravenborn-tome,/img/cards/riftbound/OGN/ogn-032-298_full.png
Shakedown,https://riftdecks.com/cards/details-shakedown,/img/cards/riftbound/OGN/ogn-033-298_full.png
"Tryndamere, Barbarian",https://riftdecks.com/cards/details-tryndamere-barbarian,/img/cards/riftbound/OGN/ogn-034-298_full.png
"Vi, Destructive",https://riftdecks.com/cards/details-vi-destructive,/img/cards/riftbound/OGN/ogn-036-298_full.png
Immortal Phoenix,https://riftdecks.com/cards/details-immortal-phoenix,/img/cards/riftbound/OGN/ogn-037-298_full.png
Kadregrin the Infernal,https://riftdecks.com/cards/details-kadregrin-the-infernal,/img/cards/riftbound/OGN/ogn-038-298_full.png
"Kai'Sa, Survivor",https://riftdecks.com/cards/details-kaisa-survivor,/img/cards/riftbound/OGN/ogn-039a-298_full.png
"Volibear, Furious",https://riftdecks.com/cards/details-volibear-furious,/img/cards/riftbound/OGN/ogn-041-298_full.png
Calm Rune,https://riftdecks.com/cards/details-calm-rune,/img/cards/riftbound/OGN/ogn-042-298_full.png
Charm,https://riftdecks.com/cards/details-charm,/img/cards/riftbound/OGN/ogn-043-298_full.png
Clockwork Keeper,https://riftdecks.com/cards/details-clockwork-keeper,/img/cards/riftbound/OGN/ogn-044-298_full.png
Defy,https://riftdecks.com/cards/details-defy,/img/cards/riftbound/OGN/ogn-045-298_full.png
En Garde,https://riftdecks.com/cards/details-en-garde,/img/cards/riftbound/OGN/ogn-046-298_full.png
Find Your Center,https://riftdecks.com/cards/details-find-your-center,/img/cards/riftbound/OGN/ogn-047-298_full.png
Meditation,https://riftdecks.com/cards/details-meditation,/img/cards/riftbound/OGN/ogn-048-298_full.png
Playful Phantom,https://riftdecks.com/cards/details-playful-phantom,/img/cards/riftbound/OGN/ogn-049-298_full.png
Rune Prison,https://riftdecks.com/cards/details-rune-prison,/img/cards/riftbound/OGN/ogn-050-298_full.png
Solari Shieldbearer,https://riftdecks.com/cards/details-solari-shieldbearer,/img/cards/riftbound/OGN/ogn-051-298_full.png
Stalwart Poro,https://riftdecks.com/cards/details-stalwart-poro,/img/cards/riftbound/OGN/ogn-052-298_full.png
Stand United,https://riftdecks.com/cards/details-stand-united,/img/cards/riftbound/OGN/ogn-053-298_full.png
Sunlit Guardian,https://riftdecks.com/cards/details-sunlit-guardian,/img/cards/riftbound/OGN/ogn-054-298_full.png
Wielder of Water,https://riftdecks.com/cards/details-wielder-of-water,/img/cards/riftbound/OGN/ogn-055-298_full.png
Adaptatron,https://riftdecks.com/cards/details-adaptatron,/img/cards/riftbound/OGN/ogn-056-298_full.png
Block,https://riftdecks.com/cards/details-block,/img/cards/riftbound/OGN/ogn-057-298_full.png
Discipline,https://riftdecks.com/cards/details-discipline,/img/cards/riftbound/OGN/ogn-058-298_full.png
Eclipse Herald,https://riftdecks.com/cards/details-eclipse-herald,/img/cards/riftbound/OGN/ogn-059-298_full.png
Mask of Foresight,https://riftdecks.com/cards/details-mask-of-foresight,/img/cards/riftbound/OGN/ogn-060-298_full.png
Poro Herder,https://riftdecks.com/cards/details-poro-herder,/img/cards/riftbound/OGN/ogn-061-298_full.png
Reinforce,https://riftdecks.com/cards/details-reinforce,/img/cards/riftbound/OGN/ogn-062-298_full.png
Spirit's Refuge,https://riftdecks.com/cards/details-spirits-refuge,/img/cards/riftbound/OGN/ogn-063-298_full.png
Wind Wall,https://riftdecks.com/cards/details-wind-wall,/img/cards/riftbound/OGN/ogn-064-298_full.png
Wizened Elder,https://riftdecks.com/cards/details-wizened-elder,/img/cards/riftbound/OGN/ogn-065-298_full.png
"Ahri, Alluring",https://riftdecks.com/cards/details-ahri-alluring,/img/cards/riftbound/OGN/ogn-066a-298_full.png
"Blitzcrank, Impassive",https://riftdecks.com/cards/details-blitzcrank-impassive,/img/cards/riftbound/OGN/ogn-067-298_full.png
"Caitlyn, Patrolling",https://riftdecks.com/cards/details-caitlyn-patrolling,/img/cards/riftbound/OGN/ogn-068-298_full.png
Last Stand,https://riftdecks.com/cards/details-last-stand,/img/cards/riftbound/OGN/ogn-069-298_full.png
Mageseeker Warden,https://riftdecks.com/cards/details-mageseeker-warden,/img/cards/riftbound/OGN/ogn-070-298_full.png
Party Favors,https://riftdecks.com/cards/details-party-favors,/img/cards/riftbound/OGN/ogn-071-298_full.png
Solari Shrine,https://riftdecks.com/cards/details-solari-shrine,/img/cards/riftbound/OGN/ogn-072-298_full.png
"Sona, Harmonious",https://riftdecks.com/cards/details-sona-harmonious,/img/cards/riftbound/OGN/ogn-073-298_full.png
"Taric, Protector",https://riftdecks.com/cards/details-taric-protector,/img/cards/riftbound/OGN/ogn-074-298_full.png
Tasty Faefolk,https://riftdecks.com/cards/details-tasty-faefolk,/img/cards/riftbound/OGN/ogn-075-298_full.png
"Yasuo, Remorseful",https://riftdecks.com/cards/details-yasuo-remorseful,/img/cards/riftbound/OGN/ogn-076a-298_full.png
Zhonya's Hourglass,https://riftdecks.com/cards/details-zhonyas-hourglass,/img/cards/riftbound/OGN/ogn-077-298_full.png
"Lee Sin, Ascetic",https://riftdecks.com/cards/details-lee-sin-ascetic,/img/cards/riftbound/OGN/ogn-078-298_full.png
"Leona, Zealot",https://riftdecks.com/cards/details-leona-zealot,/img/cards/riftbound/OGN/ogn-079a-298_full.png
Mystic Reversal,https://riftdecks.com/cards/details-mystic-reversal,/img/cards/riftbound/OGN/ogn-080-298_full.png
Whiteflame Protector,https://riftdecks.com/cards/details-whiteflame-protector,/img/cards/riftbound/OGN/ogn-082-298_full.png
Consult the Past,https://riftdecks.com/cards/details-consult-the-past,/img/cards/riftbound/OGN/ogn-083-298_full.png
Eager Apprentice,https://riftdecks.com/cards/details-eager-apprentice,/img/cards/riftbound/OGN/ogn-084-298_full.png
Falling Comet,https://riftdecks.com/cards/details-falling-comet,/img/cards/riftbound/OGN/ogn-085-298_full.png
Jeweled Colossus,https://riftdecks.com/cards/details-jeweled-colossus,/img/cards/riftbound/OGN/ogn-086-298_full.png
Lecturing Yordle,https://riftdecks.com/cards/details-lecturing-yordle,/img/cards/riftbound/OGN/ogn-087-298_full.png
Mega-Mech,https://riftdecks.com/cards/details-mega-mech,/img/cards/riftbound/OGN/ogn-088-298_full.png
Mind Rune,https://riftdecks.com/cards/details-mind-rune,/img/cards/riftbound/OGN/ogn-089a-298_full.png
Orb of Regret,https://riftdecks.com/cards/details-orb-of-regret,/img/cards/riftbound/OGN/ogn-090-298_full.png
Pit Crew,https://riftdecks.com/cards/details-pit-crew,/img/cards/riftbound/OGN/ogn-091-298_full.png
Riptide Rex,https://riftdecks.com/cards/details-riptide-rex,/img/cards/riftbound/OGN/ogn-092-298_full.png
Smoke Screen,https://riftdecks.com/cards/details-smoke-screen,/img/cards/riftbound/OGN/ogn-093-298_full.png
Sprite Call,https://riftdecks.com/cards/details-sprite-call,/img/cards/riftbound/OGN/ogn-094-298_full.png
Stupefy,https://riftdecks.com/cards/details-stupefy,/img/cards/riftbound/OGN/ogn-095-298_full.png
Watchful Sentry,https://riftdecks.com/cards/details-watchful-sentry,/img/cards/riftbound/OGN/ogn-096-298_full.png
Blastcone Fae,https://riftdecks.com/cards/details-blastcone-fae,/img/cards/riftbound/OGN/ogn-097-298_full.png
Energy Conduit,https://riftdecks.com/cards/details-energy-conduit,/img/cards/riftbound/OGN/ogn-098-298_full.png
Garbage Grabber,https://riftdecks.com/cards/details-garbage-grabber,/img/cards/riftbound/OGN/ogn-099-298_full.png
Gemcraft Seer,https://riftdecks.com/cards/details-gemcraft-seer,/img/cards/riftbound/OGN/ogn-100-298_full.png
Mushroom Pouch,https://riftdecks.com/cards/details-mushroom-pouch,/img/cards/riftbound/OGN/ogn-101-298_full.png
Portal Rescue,https://riftdecks.com/cards/details-portal-rescue,/img/cards/riftbound/OGN/ogn-102-298_full.png
Ravenbloom Student,https://riftdecks.com/cards/details-ravenbloom-student,/img/cards/riftbound/OGN/ogn-103-298_full.png
Retreat,https://riftdecks.com/cards/details-retreat,/img/cards/riftbound/OGN/ogn-104-298_full.png
Singularity,https://riftdecks.com/cards/details-singularity,/img/cards/riftbound/OGN/ogn-105-298_full.png
Sprite Mother,https://riftdecks.com/cards/details-sprite-mother,/img/cards/riftbound/OGN/ogn-106-298_full.png
Ava Achiever,https://riftdecks.com/cards/details-ava-achiever,/img/cards/riftbound/OGN/ogn-107-298_full.png
Convergent Mutation,https://riftdecks.com/cards/details-convergent-mutation,/img/cards/riftbound/OGN/ogn-108-298_full.png
"Dr. Mundo, Expert",https://riftdecks.com/cards/details-dr-mundo-expert,/img/cards/riftbound/OGN/ogn-109-298_full.png
"Ekko, Recurrent",https://riftdecks.com/cards/details-ekko-recurrent,/img/cards/riftbound/OGN/ogn-110-298_full.png
"Heimerdinger, Inventor",https://riftdecks.com/cards/details-heimerdinger-inventor,/img/cards/riftbound/OGN/ogn-111-298_full.png
"Kai'Sa, Evolutionary",https://riftdecks.com/cards/details-kaisa-evolutionary,/img/cards/riftbound/OGN/ogn-112-298_full.png
"Malzahar, Fanatic",https://riftdecks.com/cards/details-malzahar-fanatic,/img/cards/riftbound/OGN/ogn-113-298_full.png
Progress Day,https://riftdecks.com/cards/details-progress-day,/img/cards/riftbound/OGN/ogn-114-298_full.png
Promising Future,https://riftdecks.com/cards/details-promising-future,/img/cards/riftbound/OGN/ogn-115-298_full.png
Thousand-Tailed Watcher,https://riftdecks.com/cards/details-thousand-tailed-watcher,/img/cards/riftbound/OGN/ogn-116-298_full.png
"Viktor, Innovator",https://riftdecks.com/cards/details-viktor-innovator,/img/cards/riftbound/OGN/ogn-117-298_full.png
Wraith of Echoes,https://riftdecks.com/cards/details-wraith-of-echoes,/img/cards/riftbound/OGN/ogn-118-298_full.png
Time Warp,https://riftdecks.com/cards/details-time-warp,/img/cards/riftbound/OGN/ogn-122-298_full.png
Unchecked Power,https://riftdecks.com/cards/details-unchecked-power,/img/cards/riftbound/OGN/ogn-123-298_full.png
Arena Bar,https://riftdecks.com/cards/details-arena-bar,/img/cards/riftbound/OGN/ogn-124-298_full.png
Bilgewater Bully,https://riftdecks.com/cards/details-bilgewater-bully,/img/cards/riftbound/OGN/ogn-125-298_full.png
Body Rune,https://riftdecks.com/cards/details-body-rune,/img/cards/riftbound/OGN/ogn-126-298_full.png
Cannon Barrage,https://riftdecks.com/cards/details-cannon-barrage,/img/cards/riftbound/OGN/ogn-127-298_full.png
Challenge,https://riftdecks.com/cards/details-challenge,/img/cards/riftbound/OGN/ogn-128-298_full.png
Confront,https://riftdecks.com/cards/details-confront,/img/cards/riftbound/OGN/ogn-129-298_full.png
Crackshot Corsair,https://riftdecks.com/cards/details-crackshot-corsair,/img/cards/riftbound/OGN/ogn-130-298_full.png
Dune Drake,https://riftdecks.com/cards/details-dune-drake,/img/cards/riftbound/OGN/ogn-131-298_full.png
First Mate,https://riftdecks.com/cards/details-first-mate,/img/cards/riftbound/OGN/ogn-132-298_full.png
Flurry of Blades,https://riftdecks.com/cards/details-flurry-of-blades,/img/cards/riftbound/OGN/ogn-133-298_full.png
Mobilize,https://riftdecks.com/cards/details-mobilize,/img/cards/riftbound/OGN/ogn-134-298_full.png
Pakaa Cub,https://riftdecks.com/cards/details-pakaa-cub,/img/cards/riftbound/OGN/ogn-135-298_full.png
Pit Rookie,https://riftdecks.com/cards/details-pit-rookie,/img/cards/riftbound/OGN/ogn-136-298_full.png
Stormclaw Ursine,https://riftdecks.com/cards/details-stormclaw-ursine,/img/cards/riftbound/OGN/ogn-137-298_full.png
Catalyst of Aeons,https://riftdecks.com/cards/details-catalyst-of-aeons,/img/cards/riftbound/OGN/ogn-138-298_full.png
Cithria of Cloudfield,https://riftdecks.com/cards/details-cithria-of-cloudfield,/img/cards/riftbound/OGN/ogn-139-298_full.png
Herald of Scales,https://riftdecks.com/cards/details-herald-of-scales,/img/cards/riftbound/OGN/ogn-140-298_full.png
Kinkou Monk,https://riftdecks.com/cards/details-kinkou-monk,/img/cards/riftbound/OGN/ogn-141-298_full.png
Mountain Drake,https://riftdecks.com/cards/details-mountain-drake,/img/cards/riftbound/OGN/ogn-142-298_full.png
Pirate's Haven,https://riftdecks.com/cards/details-pirates-haven,/img/cards/riftbound/OGN/ogn-143-298_full.png
Spoils of War,https://riftdecks.com/cards/details-spoils-of-war,/img/cards/riftbound/OGN/ogn-144-298_full.png
Unyielding Spirit,https://riftdecks.com/cards/details-unyielding-spirit,/img/cards/riftbound/OGN/ogn-145-298_full.png
Wallop,https://riftdecks.com/cards/details-wallop,/img/cards/riftbound/OGN/ogn-146-298_full.png
Wildclaw Shaman,https://riftdecks.com/cards/details-wildclaw-shaman,/img/cards/riftbound/OGN/ogn-147-298_full.png
"Anivia, Primal",https://riftdecks.com/cards/details-anivia-primal,/img/cards/riftbound/OGN/ogn-148-298_full.png
Carnivorous Snapvine,https://riftdecks.com/cards/details-carnivorous-snapvine,/img/cards/riftbound/OGN/ogn-149-298_full.png
Kraken Hunter,https://riftdecks.com/cards/details-kraken-hunter,/img/cards/riftbound/OGN/ogn-150-298_full.png
"Lee Sin, Centered",https://riftdecks.com/cards/details-lee-sin-centered,/img/cards/riftbound/OGN/ogn-151-298_full.png
Mistfall,https://riftdecks.com/cards/details-mistfall,/img/cards/riftbound/OGN/ogn-152-298_full.png
Overt Operation,https://riftdecks.com/cards/details-overt-operation,/img/cards/riftbound/OGN/ogn-153-298_full.png
Primal Strength,https://riftdecks.com/cards/details-primal-strength,/img/cards/riftbound/OGN/ogn-154-298_full.png
"Qiyana, Victorious",https://riftdecks.com/cards/details-qiyana-victorious,/img/cards/riftbound/OGN/ogn-155-298_full.png
Sabotage,https://riftdecks.com/cards/details-sabotage,/img/cards/riftbound/OGN/ogn-156-298_full.png
"Udyr, Wildman",https://riftdecks.com/cards/details-udyr-wildman,/img/cards/riftbound/OGN/ogn-157-298_full.png
"Volibear, Imposing",https://riftdecks.com/cards/details-volibear-imposing,/img/cards/riftbound/OGN/ogn-158-298_full.png
"Warwick, Hunter",https://riftdecks.com/cards/details-warwick-hunter,/img/cards/riftbound/OGN/ogn-159-298_full.png
Dazzling Aurora,https://riftdecks.com/cards/details-dazzling-aurora,/img/cards/riftbound/OGN/ogn-160-298_full.png
Deadbloom Predator,https://riftdecks.com/cards/details-deadbloom-predator,/img/cards/riftbound/OGN/ogn-161-298_full.png
"Miss Fortune, Captain",https://riftdecks.com/cards/details-miss-fortune-captain,/img/cards/riftbound/OGN/ogn-162a-298_full.png
Cemetery Attendant,https://riftdecks.com/cards/details-cemetery-attendant,/img/cards/riftbound/OGN/ogn-165-298_full.png
Chaos Rune,https://riftdecks.com/cards/details-chaos-rune,/img/cards/riftbound/OGN/ogn-166-298_full.png
Ember Monk,https://riftdecks.com/cards/details-ember-monk,/img/cards/riftbound/OGN/ogn-167-298_full.png
Fight or Flight,https://riftdecks.com/cards/details-fight-or-flight,/img/cards/riftbound/OGN/ogn-168-298_full.png
Gust,https://riftdecks.com/cards/details-gust,/img/cards/riftbound/OGN/ogn-169-298_full.png
Morbid Return,https://riftdecks.com/cards/details-morbid-return,/img/cards/riftbound/OGN/ogn-170-298_full.png
Mystic Poro,https://riftdecks.com/cards/details-mystic-poro,/img/cards/riftbound/OGN/ogn-171-298_full.png
Rebuke,https://riftdecks.com/cards/details-rebuke,/img/cards/riftbound/OGN/ogn-172-298_full.png
Ride the Wind,https://riftdecks.com/cards/details-ride-the-wind,/img/cards/riftbound/OGN/ogn-173-298_full.png
Sai Scout,https://riftdecks.com/cards/details-sai-scout,/img/cards/riftbound/OGN/ogn-174-298_full.png
Shipyard Skulker,https://riftdecks.com/cards/details-shipyard-skulker,/img/cards/riftbound/OGN/ogn-175-298_full.png
Sneaky Deckhand,https://riftdecks.com/cards/details-sneaky-deckhand,/img/cards/riftbound/OGN/ogn-176-298_full.png
Stealthy Pursuer,https://riftdecks.com/cards/details-stealthy-pursuer,/img/cards/riftbound/OGN/ogn-177-298_full.png
Undercover Agent,https://riftdecks.com/cards/details-undercover-agent,/img/cards/riftbound/OGN/ogn-178-298_full.png
Acceptable Losses,https://riftdecks.com/cards/details-acceptable-losses,/img/cards/riftbound/OGN/ogn-179-298_full.png
Fading Memories,https://riftdecks.com/cards/details-fading-memories,/img/cards/riftbound/OGN/ogn-180-298_full.png
Pack of Wonders,https://riftdecks.com/cards/details-pack-of-wonders,/img/cards/riftbound/OGN/ogn-181-298_full.png
Scrapheap,https://riftdecks.com/cards/details-scrapheap,/img/cards/riftbound/OGN/ogn-182-298_full.png
Stacked Deck,https://riftdecks.com/cards/details-stacked-deck,/img/cards/riftbound/OGN/ogn-183-298_full.png
The Syren,https://riftdecks.com/cards/details-the-syren,/img/cards/riftbound/OGN/ogn-184-298_full.png
Traveling Merchant,https://riftdecks.com/cards/details-traveling-merchant,/img/cards/riftbound/OGN/ogn-185-298_full.png
Treasure Trove,https://riftdecks.com/cards/details-treasure-trove,/img/cards/riftbound/OGN/ogn-186-298_full.png
Whirlwind,https://riftdecks.com/cards/details-whirlwind,/img/cards/riftbound/OGN/ogn-187-298_full.png
Zaunite Bouncer,https://riftdecks.com/cards/details-zaunite-bouncer,/img/cards/riftbound/OGN/ogn-188-298_full.png
"Kayn, Unleashed",https://riftdecks.com/cards/details-kayn-unleashed,/img/cards/riftbound/OGN/ogn-189-298_full.png
"Kog'Maw, Caustic",https://riftdecks.com/cards/details-kogmaw-caustic,/img/cards/riftbound/OGN/ogn-190-298_full.png
Maddened Marauder,https://riftdecks.com/cards/details-maddened-marauder,/img/cards/riftbound/OGN/ogn-191-298_full.png
Mindsplitter,https://riftdecks.com/cards/details-mindsplitter,/img/cards/riftbound/OGN/ogn-192-298_full.png
"Miss Fortune, Buccaneer",https://riftdecks.com/cards/details-miss-fortune-buccaneer,/img/cards/riftbound/OGN/ogn-193-298_full.png
"Nocturne, Horrifying",https://riftdecks.com/cards/details-nocturne-horrifying,/img/cards/riftbound/OGN/ogn-194-298_full.png
Rhasa the Sunderer,https://riftdecks.com/cards/details-rhasa-the-sunderer,/img/cards/riftbound/OGN/ogn-195-298_full.png
Soulgorger,https://riftdecks.com/cards/details-soulgorger,/img/cards/riftbound/OGN/ogn-196-298_full.png
"Teemo, Scout",https://riftdecks.com/cards/details-teemo-scout,/img/cards/riftbound/OGN/ogn-197a-298_full.png
The Harrowing,https://riftdecks.com/cards/details-the-harrowing,/img/cards/riftbound/OGN/ogn-198-298_full.png
Tideturner,https://riftdecks.com/cards/details-tideturner,/img/cards/riftbound/OGN/ogn-199-298_full.png
"Twisted Fate, Gambler",https://riftdecks.com/cards/details-twisted-fate-gambler,/img/cards/riftbound/OGN/ogn-200-298_full.png
Invert Timelines,https://riftdecks.com/cards/details-invert-timelines,/img/cards/riftbound/OGN/ogn-201-298_full.png
"Jinx, Rebel",https://riftdecks.com/cards/details-jinx-rebel,/img/cards/riftbound/OGN/ogn-202a-298_full.png
Possession,https://riftdecks.com/cards/details-possession,/img/cards/riftbound/OGN/ogn-203-298_full.png
Back to Back,https://riftdecks.com/cards/details-back-to-back,/img/cards/riftbound/OGN/ogn-206-298_full.png
Call to Glory,https://riftdecks.com/cards/details-call-to-glory,/img/cards/riftbound/OGN/ogn-207-298_full.png
Cruel Patron,https://riftdecks.com/cards/details-cruel-patron,/img/cards/riftbound/OGN/ogn-208-298_full.png
Cull the Weak,https://riftdecks.com/cards/details-cull-the-weak,/img/cards/riftbound/OGN/ogn-209-298_full.png
Daring Poro,https://riftdecks.com/cards/details-daring-poro,/img/cards/riftbound/OGN/ogn-210-298_full.png
Faithful Manufactor,https://riftdecks.com/cards/details-faithful-manufactor,/img/cards/riftbound/OGN/ogn-211-298_full.png
Forge of the Future,https://riftdecks.com/cards/details-forge-of-the-future,/img/cards/riftbound/OGN/ogn-212-298_full.png
Hidden Blade,https://riftdecks.com/cards/details-hidden-blade,/img/cards/riftbound/OGN/ogn-213-298_full.png
Order Rune,https://riftdecks.com/cards/details-order-rune,/img/cards/riftbound/OGN/ogn-214a-298_full.png
Petty Officer,https://riftdecks.com/cards/details-petty-officer,/img/cards/riftbound/OGN/ogn-215-298_full.png
Soaring Scout,https://riftdecks.com/cards/details-soaring-scout,/img/cards/riftbound/OGN/ogn-216-298_full.png
Trifarian Gloryseeker,https://riftdecks.com/cards/details-trifarian-gloryseeker,/img/cards/riftbound/OGN/ogn-217-298_full.png
Vanguard Captain,https://riftdecks.com/cards/details-vanguard-captain,/img/cards/riftbound/OGN/ogn-218-298_full.png
Vanguard Sergeant,https://riftdecks.com/cards/details-vanguard-sergeant,/img/cards/riftbound/OGN/ogn-219-298_full.png
Facebreaker,https://riftdecks.com/cards/details-facebreaker,/img/cards/riftbound/OGN/ogn-220-298_full.png
Imperial Decree,https://riftdecks.com/cards/details-imperial-decree,/img/cards/riftbound/OGN/ogn-221-298_full.png
Noxian Drummer,https://riftdecks.com/cards/details-noxian-drummer,/img/cards/riftbound/OGN/ogn-222-298_full.png
Peak Guardian,https://riftdecks.com/cards/details-peak-guardian,/img/cards/riftbound/OGN/ogn-223-298_full.png
Salvage,https://riftdecks.com/cards/details-salvage,/img/cards/riftbound/OGN/ogn-224-298_full.png
Solari Chief,https://riftdecks.com/cards/details-solari-chief,/img/cards/riftbound/OGN/ogn-225-298_full.png
Spectral Matron,https://riftdecks.com/cards/details-spectral-matron,/img/cards/riftbound/OGN/ogn-226-298_full.png
Symbol of the Solari,https://riftdecks.com/cards/details-symbol-of-the-solari,/img/cards/riftbound/OGN/ogn-227-298_full.png
Vanguard Helm,https://riftdecks.com/cards/details-vanguard-helm,/img/cards/riftbound/OGN/ogn-228-298_full.png
Vengeance,https://riftdecks.com/cards/details-vengeance,/img/cards/riftbound/OGN/ogn-229-298_full.png
Albus Ferros,https://riftdecks.com/cards/details-albus-ferros,/img/cards/riftbound/OGN/ogn-230-298_full.png
Commander Ledros,https://riftdecks.com/cards/details-commander-ledros,/img/cards/riftbound/OGN/ogn-231-298_full.png
"Fiora, Victorious",https://riftdecks.com/cards/details-fiora-victorious,/img/cards/riftbound/OGN/ogn-232-298_full.png
Grand Strategem,https://riftdecks.com/cards/details-grand-strategem,/img/cards/riftbound/OGN/ogn-233-298_full.png
Harnessed Dragon,https://riftdecks.com/cards/details-harnessed-dragon,/img/cards/riftbound/OGN/ogn-234-298_full.png
"Karthus, Eternal",https://riftdecks.com/cards/details-karthus-eternal,/img/cards/riftbound/OGN/ogn-236-298_full.png
King's Edict,https://riftdecks.com/cards/details-kings-edict,/img/cards/riftbound/OGN/ogn-237-298_full.png
"Leona, Determined",https://riftdecks.com/cards/details-leona-determined,/img/cards/riftbound/OGN/ogn-238a-298_full.png
Machine Evangel,https://riftdecks.com/cards/details-machine-evangel,/img/cards/riftbound/OGN/ogn-239-298_full.png
"Sett, Kingpin",https://riftdecks.com/cards/details-sett-kingpin,/img/cards/riftbound/OGN/ogn-240-298_full.png
"Shen, Kinkou",https://riftdecks.com/cards/details-shen-kinkou,/img/cards/riftbound/OGN/ogn-241-298_full.png
Baited Hook,https://riftdecks.com/cards/details-baited-hook,/img/cards/riftbound/OGN/ogn-242-298_full.png
Divine Judgment,https://riftdecks.com/cards/details-divine-judgment,/img/cards/riftbound/OGN/ogn-244-298_full.png
"Viktor, Leader",https://riftdecks.com/cards/details-viktor-leader,/img/cards/riftbound/OGN/ogn-246a-298_full.png
"Kai'sa, Daughter of the Void",https://riftdecks.com/cards/details-kaisa-daughter-of-the-void,/img/cards/riftbound/OGN/ogn-299-298_full.png
Icathian Rain,https://riftdecks.com/cards/details-icathian-rain,/img/cards/riftbound/OGN/ogn-248-298_full.png
Stormbringer,https://riftdecks.com/cards/details-stormbringer,/img/cards/riftbound/OGN/ogn-250-298_full.png
"Jinx, Loose Cannon",https://riftdecks.com/cards/details-jinx-loose-cannon,/img/cards/riftbound/OGN/ogn-301-298_full.png
Super Mega Death Rocket!,https://riftdecks.com/cards/details-super-mega-death-rocket,/img/cards/riftbound/OGN/ogn-252-298_full.png
"Darius, Hand of Noxus",https://riftdecks.com/cards/details-darius-hand-of-noxus,/img/cards/riftbound/OGN/ogn-302-298_full.png
Noxian Guillotine,https://riftdecks.com/cards/details-noxian-guillotine,/img/cards/riftbound/OGN/ogn-254-298_full.png
"Ahri, Nine-Tailed Fox",https://riftdecks.com/cards/details-ahri-nine-tailed-fox,/img/cards/riftbound/OGN/ogn-303-298_full.png
Fox-Fire,https://riftdecks.com/cards/details-fox-fire,/img/cards/riftbound/OGN/ogn-256-298_full.png
Dragon's Rage,https://riftdecks.com/cards/details-dragons-rage,/img/cards/riftbound/OGN/ogn-258-298_full.png
"Yasuo, Unforgiven",https://riftdecks.com/cards/details-yasuo-unforgiven,/img/cards/riftbound/OGN/ogn-259-298_full.png
Last Breath,https://riftdecks.com/cards/details-last-breath,/img/cards/riftbound/OGN/ogn-260-298_full.png
"Leona, Radiant Dawn",https://riftdecks.com/cards/details-leona-radiant-dawn,/img/cards/riftbound/OGN/ogn-306-298_full.png
Zenith Blade,https://riftdecks.com/cards/details-zenith-blade,/img/cards/riftbound/OGN/ogn-262-298_full.png
"Teemo, Swift Scout",https://riftdecks.com/cards/details-teemo-swift-scout,/img/cards/riftbound/OGN/ogn-307-298_full.png
Guerilla Warfare,https://riftdecks.com/cards/details-guerilla-warfare,/img/cards/riftbound/OGN/ogn-264-298_full.png
Siphon Power,https://riftdecks.com/cards/details-siphon-power,/img/cards/riftbound/OGN/ogn-266-298_full.png
Bullet Time,https://riftdecks.com/cards/details-bullet-time,/img/cards/riftbound/OGN/ogn-268-298_full.png
Showstopper,https://riftdecks.com/cards/details-showstopper,/img/cards/riftbound/OGN/ogn-270-298_full.png
Recruit (DE),https://riftdecks.com/cards/details-recruit-de,/img/cards/riftbound/OGN/ogn-271-298_full.png
Recruit (NX),https://riftdecks.com/cards/details-recruit-nx,/img/cards/riftbound/OGN/ogn-272-298_full.png
Recruit (ZN),https://riftdecks.com/cards/details-recruit-zn,/img/cards/riftbound/OGN/ogn-273-298_full.png
Sprite,https://riftdecks.com/cards/details-sprite,/img/cards/riftbound/OGN/ogn-274-298_full.png
Altar to Unity,https://riftdecks.com/cards/details-altar-to-unity,/img/cards/riftbound/OGN/ogn-275-298_full.png
Aspirant's Climb,https://riftdecks.com/cards/details-aspirants-climb,/img/cards/riftbound/OGN/ogn-276-298_full.png
Back-Alley Bar,https://riftdecks.com/cards/details-back-alley-bar,/img/cards/riftbound/OGN/ogn-277-298_full.png
Bandle Tree,https://riftdecks.com/cards/details-bandle-tree,/img/cards/riftbound/OGN/ogn-278-298_full.png
Fortified Position,https://riftdecks.com/cards/details-fortified-position,/img/cards/riftbound/OGN/ogn-279-298_full.png
Grove of the God-Willow,https://riftdecks.com/cards/details-grove-of-the-god-willow,/img/cards/riftbound/OGN/ogn-280-298_full.png
Hallowed Tomb,https://riftdecks.com/cards/details-hallowed-tomb,/img/cards/riftbound/OGN/ogn-281-298_full.png
Monastery of Hirana,https://riftdecks.com/cards/details-monastery-of-hirana,/img/cards/riftbound/OGN/ogn-282-298_full.png
Navori Fighting Pit,https://riftdecks.com/cards/details-navori-fighting-pit,/img/cards/riftbound/OGN/ogn-283-298_full.png
Obelisk of Power,https://riftdecks.com/cards/details-obelisk-of-power,/img/cards/riftbound/OGN/ogn-284-298_full.png
Reaver's Row,https://riftdecks.com/cards/details-reavers-row,/img/cards/riftbound/OGN/ogn-285-298_full.png
Reckoner's Arena,https://riftdecks.com/cards/details-reckoners-arena,/img/cards/riftbound/OGN/ogn-286-298_full.png
Sigil of the Storm,https://riftdecks.com/cards/details-sigil-of-the-storm,/img/cards/riftbound/OGN/ogn-287-298_full.png
Startipped Peak,https://riftdecks.com/cards/details-startipped-peak,/img/cards/riftbound/OGN/ogn-288-298_full.png
Targon's Peak,https://riftdecks.com/cards/details-targons-peak,/img/cards/riftbound/OGN/ogn-289-298_full.png
The Arena's Greatest,https://riftdecks.com/cards/details-the-arenas-greatest,/img/cards/riftbound/OGN/ogn-290-298_full.png
The Candlelit Sanctum,https://riftdecks.com/cards/details-the-candlelit-sanctum,/img/cards/riftbound/OGN/ogn-291-298_full.png
The Dreaming Tree,https://riftdecks.com/cards/details-the-dreaming-tree,/img/cards/riftbound/OGN/ogn-292-298_full.png
The Grand Plaza,https://riftdecks.com/cards/details-the-grand-plaza,/img/cards/riftbound/OGN/ogn-293-298_full.png
Trifarian War Camp,https://riftdecks.com/cards/details-trifarian-war-camp,/img/cards/riftbound/OGN/ogn-294-298_full.png
Vilemaw's Lair,https://riftdecks.com/cards/details-vilemaws-lair,/img/cards/riftbound/OGN/ogn-295-298_full.png
Void Gate,https://riftdecks.com/cards/details-void-gate,/img/cards/riftbound/OGN/ogn-296-298_full.png
Windswept Hillock,https://riftdecks.com/cards/details-windswept-hillock,/img/cards/riftbound/OGN/ogn-297-298_full.png
Zaun Warrens,https://riftdecks.com/cards/details-zaun-warrens,/img/cards/riftbound/OGN/ogn-298-298_full.png
"Volibear, Relentless Storm",https://riftdecks.com/cards/details-volibear-relentless-storm,/img/cards/riftbound/OGN/ogn-300-298_full.png
"Lee Sin, Blind Monk",https://riftdecks.com/cards/details-lee-sin-blind-monk,/img/cards/riftbound/OGN/ogn-257-298_full.png
"Viktor, Herald of the Arcane",https://riftdecks.com/cards/details-viktor-herald-of-the-arcane,/img/cards/riftbound/OGN/ogn-308-298_full.png
"Miss Fortune, Bounty Hunter",https://riftdecks.com/cards/details-miss-fortune-bounty-hunter,/img/cards/riftbound/OGN/ogn-309-298_full.png
"Sett, The Boss",https://riftdecks.com/cards/details-sett-the-boss,/img/cards/riftbound/OGN/ogn-310-298_full.png
"Annie, Fiery",https://riftdecks.com/cards/details-annie-fiery,
Firestorm,https://riftdecks.com/cards/details-firestorm,
Incinerate,https://riftdecks.com/cards/details-incinerate,
"Master Yi, Meditative",https://riftdecks.com/cards/details-master-yi-meditative,
Zephyr Sage,https://riftdecks.com/cards/details-zephyr-sage,
"Lux, Illuminated",https://riftdecks.com/cards/details-lux-illuminated,
"Garen, Rugged",https://riftdecks.com/cards/details-garen-rugged,
Gentlemen's Duel,https://riftdecks.com/cards/details-gentlemens-duel,
"Master Yi, Honed",https://riftdecks.com/cards/details-master-yi-honed,
"Annie, Stubborn",https://riftdecks.com/cards/details-annie-stubborn,
Flash,https://riftdecks.com/cards/details-flash,
Blast of Power,https://riftdecks.com/cards/details-blast-of-power,
"Garen, Commander",https://riftdecks.com/cards/details-garen-commander,
"Lux, Crownguard",https://riftdecks.com/cards/details-lux-crownguard,
Recruit the Vanguard,https://riftdecks.com/cards/details-recruit-the-vanguard,
Vanguard Attendant,https://riftdecks.com/cards/details-vanguard-attendant,
"Annie, Dark Child",https://riftdecks.com/cards/details-annie-dark-child,
Tibbers,https://riftdecks.com/cards/details-tibbers,
"Master Yi, Wuju Bladesman",https://riftdecks.com/cards/details-master-yi-wuju-bladesman,
Highlander,https://riftdecks.com/cards/details-highlander,
"Lux, Lady of Luminosity",https://riftdecks.com/cards/details-lux-lady-of-luminosity,
Final Spark,https://riftdecks.com/cards/details-final-spark,
"Garen, Might of Demacia",https://riftdecks.com/cards/details-garen-might-of-demacia,
Decisive Strike,https://riftdecks.com/cards/details-decisive-strike,
Against the Odds,https://riftdecks.com/cards/details-against-the-odds,/img/cards/riftbound/SFD/sfd-001-221_full.png
Armed Assailant,https://riftdecks.com/cards/details-armed-assailant,/img/cards/riftbound/SFD/sfd-002-221_full.png
Blood Rush,https://riftdecks.com/cards/details-blood-rush,/img/cards/riftbound/SFD/sfd-003-221_full.png
Bushwhack,https://riftdecks.com/cards/details-bushwhack,/img/cards/riftbound/SFD/sfd-004-221_full.png
Detonate,https://riftdecks.com/cards/details-detonate,/img/cards/riftbound/SFD/sfd-005-221_full.png
Eager Drakehound,https://riftdecks.com/cards/details-eager-drakehound,/img/cards/riftbound/SFD/sfd-006-221_full.png
Gem Jammer,https://riftdecks.com/cards/details-gem-jammer,/img/cards/riftbound/SFD/sfd-007-221_full.png
Sentinel Adept,https://riftdecks.com/cards/details-sentinel-adept,/img/cards/riftbound/SFD/sfd-008-221_full.png
Serrated Dirk,https://riftdecks.com/cards/details-serrated-dirk,/img/cards/riftbound/SFD/sfd-009-221_full.png
Void Drone,https://riftdecks.com/cards/details-void-drone,/img/cards/riftbound/SFD/sfd-010-221_full.png
Angle Shot,https://riftdecks.com/cards/details-angle-shot,/img/cards/riftbound/SFD/sfd-011-221_full.png
Battering Ram,https://riftdecks.com/cards/details-battering-ram,/img/cards/riftbound/SFD/sfd-012-221_full.png
Blast Corps Cadet,https://riftdecks.com/cards/details-blast-corps-cadet,/img/cards/riftbound/SFD/sfd-013-221_full.png
Minotaur Reckoner,https://riftdecks.com/cards/details-minotaur-reckoner,/img/cards/riftbound/SFD/sfd-014-221_full.png
Perched Grimwyrm,https://riftdecks.com/cards/details-perched-grimwyrm,/img/cards/riftbound/SFD/sfd-015-221_full.png
Recurve Bow,https://riftdecks.com/cards/details-recurve-bow,/img/cards/riftbound/SFD/sfd-016-221_full.png
Sudden Storm,https://riftdecks.com/cards/details-sudden-storm,/img/cards/riftbound/SFD/sfd-017-221_full.png
Void Hatchling,https://riftdecks.com/cards/details-void-hatchling,/img/cards/riftbound/SFD/sfd-018-221_full.png
Assembly Rig,https://riftdecks.com/cards/details-assembly-rig,/img/cards/riftbound/SFD/sfd-019-221_full.png
"Draven, Vanquisher",https://riftdecks.com/cards/details-draven-vanquisher,/img/cards/riftbound/SFD/sfd-020a-221_full.png
Ferrous Forerunner,https://riftdecks.com/cards/details-ferrous-forerunner,/img/cards/riftbound/SFD/sfd-021-221_full.png
Long Sword,https://riftdecks.com/cards/details-long-sword,/img/cards/riftbound/SFD/sfd-022-221_full.png
Piercing Light,https://riftdecks.com/cards/details-piercing-light,/img/cards/riftbound/SFD/sfd-023-221_full.png
"Rell, Magnetic",https://riftdecks.com/cards/details-rell-magnetic,/img/cards/riftbound/SFD/sfd-024-221_full.png
"Rengar, Pouncing",https://riftdecks.com/cards/details-rengar-pouncing,/img/cards/riftbound/SFD/sfd-025-221_full.png
"Rumble, Hotheaded",https://riftdecks.com/cards/details-rumble-hotheaded,/img/cards/riftbound/SFD/sfd-026-221_full.png
Dunebreaker,https://riftdecks.com/cards/details-dunebreaker,/img/cards/riftbound/SFD/sfd-027-221_full.png
"Lucian, Gunslinger",https://riftdecks.com/cards/details-lucian-gunslinger,/img/cards/riftbound/SFD/sfd-028-221_full.png
"Rek'Sai, Breacher",https://riftdecks.com/cards/details-reksai-breacher,/img/cards/riftbound/SFD/sfd-029-221_full.png
Skyfall of Areion,https://riftdecks.com/cards/details-skyfall-of-areion,/img/cards/riftbound/SFD/sfd-030-221_full.png
Desert's Call,https://riftdecks.com/cards/details-deserts-call,/img/cards/riftbound/SFD/sfd-031-221_full.png
Disarming Rake,https://riftdecks.com/cards/details-disarming-rake,/img/cards/riftbound/SFD/sfd-032-221_full.png
Doran's Shield,https://riftdecks.com/cards/details-dorans-shield,/img/cards/riftbound/SFD/sfd-033-221_full.png
Feral Strength,https://riftdecks.com/cards/details-feral-strength,/img/cards/riftbound/SFD/sfd-034-221_full.png
Guardian of the Passage,https://riftdecks.com/cards/details-guardian-of-the-passage,/img/cards/riftbound/SFD/sfd-035-221_full.png
Lonely Poro,https://riftdecks.com/cards/details-lonely-poro,/img/cards/riftbound/SFD/sfd-036-221_full.png
Navori Scout,https://riftdecks.com/cards/details-navori-scout,/img/cards/riftbound/SFD/sfd-037-221_full.png
Ribbon Dancer,https://riftdecks.com/cards/details-ribbon-dancer,/img/cards/riftbound/SFD/sfd-038-221_full.png
Royal Entourage,https://riftdecks.com/cards/details-royal-entourage,/img/cards/riftbound/SFD/sfd-039-221_full.png
Thwonk!,https://riftdecks.com/cards/details-thwonk,/img/cards/riftbound/SFD/sfd-040-221_full.png
Apprentice Smith,https://riftdecks.com/cards/details-apprentice-smith,/img/cards/riftbound/SFD/sfd-041-221_full.png
Brutalizer,https://riftdecks.com/cards/details-brutalizer,/img/cards/riftbound/SFD/sfd-042-221_full.png
Emperor's Divide,https://riftdecks.com/cards/details-emperors-divide,/img/cards/riftbound/SFD/sfd-043-221_full.png
Legion Quartermaster,https://riftdecks.com/cards/details-legion-quartermaster,/img/cards/riftbound/SFD/sfd-044-221_full.png
Not So Fast,https://riftdecks.com/cards/details-not-so-fast,/img/cards/riftbound/SFD/sfd-045-221_full.png
Poro Snax,https://riftdecks.com/cards/details-poro-snax,/img/cards/riftbound/SFD/sfd-046-221_full.png
Simian Ancestor,https://riftdecks.com/cards/details-simian-ancestor,/img/cards/riftbound/SFD/sfd-047-221_full.png
Stellacorn Herder,https://riftdecks.com/cards/details-stellacorn-herder,/img/cards/riftbound/SFD/sfd-048-221_full.png
"Azir, Ascendant",https://riftdecks.com/cards/details-azir-ascendant,/img/cards/riftbound/SFD/sfd-050-221_full.png
Guardian Angel,https://riftdecks.com/cards/details-guardian-angel,/img/cards/riftbound/SFD/sfd-051-221_full.png
Heart of Dark Ice,https://riftdecks.com/cards/details-heart-of-dark-ice,/img/cards/riftbound/SFD/sfd-052-221_full.png
"Janna, Savior",https://riftdecks.com/cards/details-janna-savior,/img/cards/riftbound/SFD/sfd-053-221_full.png
"Jax, Unmatched",https://riftdecks.com/cards/details-jax-unmatched,/img/cards/riftbound/SFD/sfd-054a-221_full.png
Needlessly Large Yordle,https://riftdecks.com/cards/details-needlessly-large-yordle,/img/cards/riftbound/SFD/sfd-055-221_full.png
Sterak's Gage,https://riftdecks.com/cards/details-steraks-gage,/img/cards/riftbound/SFD/sfd-056-221_full.png
"Ornn, Blacksmith",https://riftdecks.com/cards/details-ornn-blacksmith,/img/cards/riftbound/SFD/sfd-058-221_full.png
Svellsongur,https://riftdecks.com/cards/details-svellsongur,/img/cards/riftbound/SFD/sfd-059-221_full.png
Tianna Crownguard,https://riftdecks.com/cards/details-tianna-crownguard,/img/cards/riftbound/SFD/sfd-060-221_full.png
Aspiring Engineer,https://riftdecks.com/cards/details-aspiring-engineer,/img/cards/riftbound/SFD/sfd-061-221_full.png
Bubble Bot,https://riftdecks.com/cards/details-bubble-bot,/img/cards/riftbound/SFD/sfd-062-221_full.png
Chemtech Cask,https://riftdecks.com/cards/details-chemtech-cask,/img/cards/riftbound/SFD/sfd-063-221_full.png
Cloth Armor,https://riftdecks.com/cards/details-cloth-armor,/img/cards/riftbound/SFD/sfd-064-221_full.png
Forecaster,https://riftdecks.com/cards/details-forecaster,/img/cards/riftbound/SFD/sfd-065-221_full.png
Frigid Touch,https://riftdecks.com/cards/details-frigid-touch,/img/cards/riftbound/SFD/sfd-066-221_full.png
Frostcoat Cub,https://riftdecks.com/cards/details-frostcoat-cub,/img/cards/riftbound/SFD/sfd-067-221_full.png
Gearhead,https://riftdecks.com/cards/details-gearhead,/img/cards/riftbound/SFD/sfd-068-221_full.png
Plundering Poro,https://riftdecks.com/cards/details-plundering-poro,/img/cards/riftbound/SFD/sfd-069-221_full.png
Wages of Pain,https://riftdecks.com/cards/details-wages-of-pain,/img/cards/riftbound/SFD/sfd-070-221_full.png
Breakneck Mech,https://riftdecks.com/cards/details-breakneck-mech,/img/cards/riftbound/SFD/sfd-071-221_full.png
Dropboarder,https://riftdecks.com/cards/details-dropboarder,/img/cards/riftbound/SFD/sfd-072-221_full.png
Experimental Hexplate,https://riftdecks.com/cards/details-experimental-hexplate,/img/cards/riftbound/SFD/sfd-073-221_full.png
Pickpocket,https://riftdecks.com/cards/details-pickpocket,/img/cards/riftbound/SFD/sfd-074-221_full.png
Prize of Progress,https://riftdecks.com/cards/details-prize-of-progress,/img/cards/riftbound/SFD/sfd-075-221_full.png
Production Surge,https://riftdecks.com/cards/details-production-surge,/img/cards/riftbound/SFD/sfd-076-221_full.png
Rocket Barrage,https://riftdecks.com/cards/details-rocket-barrage,/img/cards/riftbound/SFD/sfd-077-221_full.png
Temporal Portal,https://riftdecks.com/cards/details-temporal-portal,/img/cards/riftbound/SFD/sfd-078-221_full.png
"Bard, Mercurial",https://riftdecks.com/cards/details-bard-mercurial,/img/cards/riftbound/SFD/sfd-079-221_full.png
Bellows Breath,https://riftdecks.com/cards/details-bellows-breath,/img/cards/riftbound/SFD/sfd-080-221_full.png
Card Sharp,https://riftdecks.com/cards/details-card-sharp,/img/cards/riftbound/SFD/sfd-081-221_full.png
"Ezreal, Dashing",https://riftdecks.com/cards/details-ezreal-dashing,/img/cards/riftbound/SFD/sfd-082a-221_full.png
Hextech Anomaly,https://riftdecks.com/cards/details-hextech-anomaly,/img/cards/riftbound/SFD/sfd-083-221_full.png
"Jayce, Man of Progress",https://riftdecks.com/cards/details-jayce-man-of-progress,/img/cards/riftbound/SFD/sfd-084-221_full.png
"Ornn, Forge God",https://riftdecks.com/cards/details-ornn-forge-god,/img/cards/riftbound/SFD/sfd-085-221_full.png
World Atlas,https://riftdecks.com/cards/details-world-atlas,/img/cards/riftbound/SFD/sfd-086-221_full.png
Premonition,https://riftdecks.com/cards/details-premonition,/img/cards/riftbound/SFD/sfd-087-221_full.png
"Renata Glasc, Mastermind",https://riftdecks.com/cards/details-renata-glasc-mastermind,/img/cards/riftbound/SFD/sfd-088-221_full.png
"Rumble, Scrapper",https://riftdecks.com/cards/details-rumble-scrapper,/img/cards/riftbound/SFD/sfd-089-221_full.png
The Zero Drive,https://riftdecks.com/cards/details-the-zero-drive,/img/cards/riftbound/SFD/sfd-090-221_full.png
Buhru Captain,https://riftdecks.com/cards/details-buhru-captain,/img/cards/riftbound/SFD/sfd-091-221_full.png
Combat Chef,https://riftdecks.com/cards/details-combat-chef,/img/cards/riftbound/SFD/sfd-092-221_full.png
Dauntless Vanguard,https://riftdecks.com/cards/details-dauntless-vanguard,/img/cards/riftbound/SFD/sfd-093-221_full.png
Direwing,https://riftdecks.com/cards/details-direwing,/img/cards/riftbound/SFD/sfd-094-221_full.png
Doran's Blade,https://riftdecks.com/cards/details-dorans-blade,/img/cards/riftbound/SFD/sfd-095-221_full.png
Laurent Bladekeeper,https://riftdecks.com/cards/details-laurent-bladekeeper,/img/cards/riftbound/SFD/sfd-096-221_full.png
Punch First,https://riftdecks.com/cards/details-punch-first,/img/cards/riftbound/SFD/sfd-097-221_full.png
Sea Monkey,https://riftdecks.com/cards/details-sea-monkey,/img/cards/riftbound/SFD/sfd-098-221_full.png
Veteran Poro,https://riftdecks.com/cards/details-veteran-poro,/img/cards/riftbound/SFD/sfd-099-221_full.png
Yordle Explorer,https://riftdecks.com/cards/details-yordle-explorer,/img/cards/riftbound/SFD/sfd-100-221_full.png
Fae Dragon,https://riftdecks.com/cards/details-fae-dragon,/img/cards/riftbound/SFD/sfd-101-221_full.png
Hexdrinker,https://riftdecks.com/cards/details-hexdrinker,/img/cards/riftbound/SFD/sfd-102-221_full.png
Jaull-Fish,https://riftdecks.com/cards/details-jaull-fish,/img/cards/riftbound/SFD/sfd-103-221_full.png
Petricite Monument,https://riftdecks.com/cards/details-petricite-monument,/img/cards/riftbound/SFD/sfd-104-221_full.png
Ruin Runner,https://riftdecks.com/cards/details-ruin-runner,/img/cards/riftbound/SFD/sfd-105-221_full.png
Show of Strength,https://riftdecks.com/cards/details-show-of-strength,/img/cards/riftbound/SFD/sfd-106-221_full.png
Strike Down,https://riftdecks.com/cards/details-strike-down,/img/cards/riftbound/SFD/sfd-107-221_full.png
Warmog's Armor,https://riftdecks.com/cards/details-warmogs-armor,/img/cards/riftbound/SFD/sfd-108-221_full.png
"Akshan, Mischievous",https://riftdecks.com/cards/details-akshan-mischievous,/img/cards/riftbound/SFD/sfd-109-221_full.png
"Fiora, Peerless",https://riftdecks.com/cards/details-fiora-peerless,/img/cards/riftbound/SFD/sfd-110a-221_full.png
Here to Help,https://riftdecks.com/cards/details-here-to-help,/img/cards/riftbound/SFD/sfd-111-221_full.png
Kato the Arm,https://riftdecks.com/cards/details-kato-the-arm,/img/cards/riftbound/SFD/sfd-112-221_full.png
"Lucian, Merciless",https://riftdecks.com/cards/details-lucian-merciless,/img/cards/riftbound/SFD/sfd-113a-221_full.png
Marching Orders,https://riftdecks.com/cards/details-marching-orders,/img/cards/riftbound/SFD/sfd-114-221_full.png
Trinity Force,https://riftdecks.com/cards/details-trinity-force,/img/cards/riftbound/SFD/sfd-115-221_full.png
"Yone, Blademaster",https://riftdecks.com/cards/details-yone-blademaster,/img/cards/riftbound/SFD/sfd-116-221_full.png
Ancient Henge,https://riftdecks.com/cards/details-ancient-henge,/img/cards/riftbound/SFD/sfd-117-221_full.png
Boneshiver,https://riftdecks.com/cards/details-boneshiver,/img/cards/riftbound/SFD/sfd-118-221_full.png
"Jax, Unrelenting",https://riftdecks.com/cards/details-jax-unrelenting,/img/cards/riftbound/SFD/sfd-119a-221_full.png
"Sivir, Ambitious",https://riftdecks.com/cards/details-sivir-ambitious,/img/cards/riftbound/SFD/sfd-120-221_full.png
Black Market Broker,https://riftdecks.com/cards/details-black-market-broker,/img/cards/riftbound/SFD/sfd-121-221_full.png
Called Shot,https://riftdecks.com/cards/details-called-shot,/img/cards/riftbound/SFD/sfd-122-221_full.png
Corrupt Enforcer,https://riftdecks.com/cards/details-corrupt-enforcer,/img/cards/riftbound/SFD/sfd-123-221_full.png
Doran's Ring,https://riftdecks.com/cards/details-dorans-ring,/img/cards/riftbound/SFD/sfd-124-221_full.png
Fae Porter,https://riftdecks.com/cards/details-fae-porter,/img/cards/riftbound/SFD/sfd-125-221_full.png
Loyal Pup,https://riftdecks.com/cards/details-loyal-pup,/img/cards/riftbound/SFD/sfd-126-221_full.png
Master Bingwen,https://riftdecks.com/cards/details-master-bingwen,/img/cards/riftbound/SFD/sfd-127-221_full.png
Overzealous Fan,https://riftdecks.com/cards/details-overzealous-fan,/img/cards/riftbound/SFD/sfd-128-221_full.png
Temptation,https://riftdecks.com/cards/details-temptation,/img/cards/riftbound/SFD/sfd-129-221_full.png
Treasure Hunter,https://riftdecks.com/cards/details-treasure-hunter,/img/cards/riftbound/SFD/sfd-130-221_full.png
Ancient Warmonger,https://riftdecks.com/cards/details-ancient-warmonger,/img/cards/riftbound/SFD/sfd-131-221_full.png
Beast Below,https://riftdecks.com/cards/details-beast-below,/img/cards/riftbound/SFD/sfd-132-221_full.png
Boots of Swiftness,https://riftdecks.com/cards/details-boots-of-swiftness,/img/cards/riftbound/SFD/sfd-133-221_full.png
Cull,https://riftdecks.com/cards/details-cull,/img/cards/riftbound/SFD/sfd-134-221_full.png
Factory Recall,https://riftdecks.com/cards/details-factory-recall,/img/cards/riftbound/SFD/sfd-135-221_full.png
Hard Bargain,https://riftdecks.com/cards/details-hard-bargain,/img/cards/riftbound/SFD/sfd-136-221_full.png
Harpoon Squad,https://riftdecks.com/cards/details-harpoon-squad,/img/cards/riftbound/SFD/sfd-137-221_full.png
Windsinger,https://riftdecks.com/cards/details-windsinger,/img/cards/riftbound/SFD/sfd-138-221_full.png
Edge of Night,https://riftdecks.com/cards/details-edge-of-night,/img/cards/riftbound/SFD/sfd-139-221_full.png
"Fizz, Trickster",https://riftdecks.com/cards/details-fizz-trickster,/img/cards/riftbound/SFD/sfd-140-221_full.png
"Irelia, Graceful",https://riftdecks.com/cards/details-irelia-graceful,/img/cards/riftbound/SFD/sfd-141a-221_full.png
Jae Medarda,https://riftdecks.com/cards/details-jae-medarda,/img/cards/riftbound/SFD/sfd-142-221_full.png
"Sivir, Mercenary",https://riftdecks.com/cards/details-sivir-mercenary,/img/cards/riftbound/SFD/sfd-143a-221_full.png
Spirit Wheel,https://riftdecks.com/cards/details-spirit-wheel,/img/cards/riftbound/SFD/sfd-144-221_full.png
Switcheroo,https://riftdecks.com/cards/details-switcheroo,/img/cards/riftbound/SFD/sfd-145-221_full.png
"Vex, Cheerless",https://riftdecks.com/cards/details-vex-cheerless,/img/cards/riftbound/SFD/sfd-146-221_full.png
Downwell,https://riftdecks.com/cards/details-downwell,/img/cards/riftbound/SFD/sfd-147-221_full.png
"Draven, Audacious",https://riftdecks.com/cards/details-draven-audacious,/img/cards/riftbound/SFD/sfd-148-221_full.png
"Ezreal, Prodigy",https://riftdecks.com/cards/details-ezreal-prodigy,/img/cards/riftbound/SFD/sfd-149a-221_full.png
Last Rites,https://riftdecks.com/cards/details-last-rites,/img/cards/riftbound/SFD/sfd-150-221_full.png
Bonds of Strength,https://riftdecks.com/cards/details-bonds-of-strength,/img/cards/riftbound/SFD/sfd-151-221_full.png
Eminent Benefactor,https://riftdecks.com/cards/details-eminent-benefactor,/img/cards/riftbound/SFD/sfd-152-221_full.png
Eye of the Herald,https://riftdecks.com/cards/details-eye-of-the-herald,/img/cards/riftbound/SFD/sfd-153-221_full.png
Guards!,https://riftdecks.com/cards/details-guards,/img/cards/riftbound/SFD/sfd-154-221_full.png
Honest Broker,https://riftdecks.com/cards/details-honest-broker,/img/cards/riftbound/SFD/sfd-155-221_full.png
Laurent Duelist,https://riftdecks.com/cards/details-laurent-duelist,/img/cards/riftbound/SFD/sfd-156-221_full.png
Royal Guard,https://riftdecks.com/cards/details-royal-guard,/img/cards/riftbound/SFD/sfd-157-221_full.png
Sandshifter,https://riftdecks.com/cards/details-sandshifter,/img/cards/riftbound/SFD/sfd-158-221_full.png
Trusty Ramhound,https://riftdecks.com/cards/details-trusty-ramhound,/img/cards/riftbound/SFD/sfd-159-221_full.png
Zaun Punk,https://riftdecks.com/cards/details-zaun-punk,/img/cards/riftbound/SFD/sfd-160-221_full.png
B.F. Sword,https://riftdecks.com/cards/details-b-f-sword,/img/cards/riftbound/SFD/sfd-161-221_full.png
Blood Money,https://riftdecks.com/cards/details-blood-money,/img/cards/riftbound/SFD/sfd-162-221_full.png
Deathgrip,https://riftdecks.com/cards/details-deathgrip,/img/cards/riftbound/SFD/sfd-163-221_full.png
Drag Under,https://riftdecks.com/cards/details-drag-under,/img/cards/riftbound/SFD/sfd-164-221_full.png
Glasc Mixologist,https://riftdecks.com/cards/details-glasc-mixologist,/img/cards/riftbound/SFD/sfd-165-221_full.png
Rally the Troops,https://riftdecks.com/cards/details-rally-the-troops,/img/cards/riftbound/SFD/sfd-166-221_full.png
Unsung Hero,https://riftdecks.com/cards/details-unsung-hero,/img/cards/riftbound/SFD/sfd-167-221_full.png
Vanguard Armory,https://riftdecks.com/cards/details-vanguard-armory,/img/cards/riftbound/SFD/sfd-168-221_full.png
Altar of Memories,https://riftdecks.com/cards/details-altar-of-memories,/img/cards/riftbound/SFD/sfd-169-221_full.png
"Rek'Sai, Swarm Queen",https://riftdecks.com/cards/details-reksai-swarm-queen,/img/cards/riftbound/SFD/sfd-170a-221_full.png
"Renata Glasc, Industrialist",https://riftdecks.com/cards/details-renata-glasc-industrialist,/img/cards/riftbound/SFD/sfd-171a-221_full.png
Sacred Shears,https://riftdecks.com/cards/details-sacred-shears,/img/cards/riftbound/SFD/sfd-172-221_full.png
Trove Golem,https://riftdecks.com/cards/details-trove-golem,/img/cards/riftbound/SFD/sfd-174-221_full.png
Undertitan,https://riftdecks.com/cards/details-undertitan,/img/cards/riftbound/SFD/sfd-175-221_full.png
"Xin Zhao, Vigilant",https://riftdecks.com/cards/details-xin-zhao-vigilant,/img/cards/riftbound/SFD/sfd-176-221_full.png
"Azir, Sovereign",https://riftdecks.com/cards/details-azir-sovereign,/img/cards/riftbound/SFD/sfd-177a-221_full.png
Blade of the Ruined King,https://riftdecks.com/cards/details-blade-of-the-ruined-king,/img/cards/riftbound/SFD/sfd-178-221_full.png
Corina Veraza,https://riftdecks.com/cards/details-corina-veraza,/img/cards/riftbound/SFD/sfd-179-221_full.png
"Fiora, Worthy",https://riftdecks.com/cards/details-fiora-worthy,/img/cards/riftbound/SFD/sfd-180a-221_full.png
Danger Zone,https://riftdecks.com/cards/details-danger-zone,/img/cards/riftbound/SFD/sfd-182-221_full.png
"Lucian, Purifier",https://riftdecks.com/cards/details-lucian-purifier,/img/cards/riftbound/SFD/sfd-183-221_full.png
Relentless Pursuit,https://riftdecks.com/cards/details-relentless-pursuit,/img/cards/riftbound/SFD/sfd-184-221_full.png
"Draven, Glorious Executioner",https://riftdecks.com/cards/details-draven-glorious-executioner,/img/cards/riftbound/SFD/sfd-185-221_full.png
Spinning Axe,https://riftdecks.com/cards/details-spinning-axe,/img/cards/riftbound/SFD/sfd-186-221_full.png
"Reksai, Void Burrower",https://riftdecks.com/cards/details-reksai-void-burrower,/img/cards/riftbound/SFD/sfd-187-221_full.png
Void Rush,https://riftdecks.com/cards/details-void-rush,/img/cards/riftbound/SFD/sfd-188-221_full.png
"Ornn, Fire Below the Mountain",https://riftdecks.com/cards/details-ornn-fire-below-the-mountain,/img/cards/riftbound/SFD/sfd-189-221_full.png
Forgefire Cape,https://riftdecks.com/cards/details-forgefire-cape,/img/cards/riftbound/SFD/sfd-190-221_full.png
Rabadon's Deathcrown,https://riftdecks.com/cards/details-rabadons-deathcrown,/img/cards/riftbound/SFD/sfd-191-221_full.png
Shurelya's Requiem,https://riftdecks.com/cards/details-shurelyas-requiem,/img/cards/riftbound/SFD/sfd-192-221_full.png
Counter Strike,https://riftdecks.com/cards/details-counter-strike,/img/cards/riftbound/SFD/sfd-194-221_full.png
"Irelia, Blade Dancer",https://riftdecks.com/cards/details-irelia-blade-dancer,/img/cards/riftbound/SFD/sfd-195-221_full.png
Defiant Dance,https://riftdecks.com/cards/details-defiant-dance,/img/cards/riftbound/SFD/sfd-196-221_full.png
"Azir, Emperor of the Sands",https://riftdecks.com/cards/details-azir-emperor-of-the-sands,/img/cards/riftbound/SFD/sfd-197-221_full.png
Arise!,https://riftdecks.com/cards/details-arise,/img/cards/riftbound/SFD/sfd-198-221_full.png
Arcane Shift,https://riftdecks.com/cards/details-arcane-shift,/img/cards/riftbound/SFD/sfd-200-221_full.png
"Renata Glasc, Chem-Baroness",https://riftdecks.com/cards/details-renata-glasc-chem-baroness,/img/cards/riftbound/SFD/sfd-201-221_full.png
Hostile Takeover,https://riftdecks.com/cards/details-hostile-takeover,/img/cards/riftbound/SFD/sfd-202-221_full.png
"Sivir, Battle Mistress",https://riftdecks.com/cards/details-sivir-battle-mistress,/img/cards/riftbound/SFD/sfd-203-221_full.png
On the Hunt,https://riftdecks.com/cards/details-on-the-hunt,/img/cards/riftbound/SFD/sfd-204-221_full.png
"Fiora, Grand Duelist",https://riftdecks.com/cards/details-fiora-grand-duelist,/img/cards/riftbound/SFD/sfd-205-221_full.png
Riposte,https://riftdecks.com/cards/details-riposte,/img/cards/riftbound/SFD/sfd-206-221_full.png
Emperor's Dais,https://riftdecks.com/cards/details-emperors-dais,/img/cards/riftbound/SFD/sfd-207-221_full.png
Forge of the Fluft,https://riftdecks.com/cards/details-forge-of-the-fluft,/img/cards/riftbound/SFD/sfd-208-221_full.png
Forgotten Monument,https://riftdecks.com/cards/details-forgotten-monument,/img/cards/riftbound/SFD/sfd-209-221_full.png
Hall of Legends,https://riftdecks.com/cards/details-hall-of-legends,/img/cards/riftbound/SFD/sfd-210-221_full.png
Marai Spire,https://riftdecks.com/cards/details-marai-spire,/img/cards/riftbound/SFD/sfd-211-221_full.png
Minefield,https://riftdecks.com/cards/details-minefield,/img/cards/riftbound/SFD/sfd-212-221_full.png
Ornn's Forge,https://riftdecks.com/cards/details-ornns-forge,/img/cards/riftbound/SFD/sfd-213-221_full.png
Power Nexus,https://riftdecks.com/cards/details-power-nexus,/img/cards/riftbound/SFD/sfd-214-221_full.png
Ravenbloom Conservatory,https://riftdecks.com/cards/details-ravenbloom-conservatory,/img/cards/riftbound/SFD/sfd-215-221_full.png
Rockfall Path,https://riftdecks.com/cards/details-rockfall-path,/img/cards/riftbound/SFD/sfd-216-221_full.png
Seat of Power,https://riftdecks.com/cards/details-seat-of-power,/img/cards/riftbound/SFD/sfd-217-221_full.png
Sunken Temple,https://riftdecks.com/cards/details-sunken-temple,/img/cards/riftbound/SFD/sfd-218-221_full.png
The Papertree,https://riftdecks.com/cards/details-the-papertree,/img/cards/riftbound/SFD/sfd-219-221_full.png
Treasure Hoard,https://riftdecks.com/cards/details-treasure-hoard,/img/cards/riftbound/SFD/sfd-220-221_full.png
Veiled Temple,https://riftdecks.com/cards/details-veiled-temple,/img/cards/riftbound/SFD/sfd-221-221_full.png
"Aphelios, Exalted",https://riftdecks.com/cards/details-aphelios-exalted,/img/cards/riftbound/SFD/sfd-224-221_full.png
"Irelia, Fervent",https://riftdecks.com/cards/details-irelia-fervent,/img/cards/riftbound/SFD/sfd-225-221_full.png
"Soraka, Wanderer",https://riftdecks.com/cards/details-soraka-wanderer,/img/cards/riftbound/SFD/sfd-239-221_full.png
"Rumble, Mechanized Menace",https://riftdecks.com/cards/details-rumble-mechanized-menace,/img/cards/riftbound/SFD/sfd-240-221_full.png
"Jax, Grandmaster at Arms",https://riftdecks.com/cards/details-jax-grandmaster-at-arms,/img/cards/riftbound/SFD/sfd-245-221_full.png
"Ezreal, Prodigal Explorer",https://riftdecks.com/cards/details-ezreal-prodigal-explorer,/img/cards/riftbound/SFD/sfd-248-221_full.png
Gold,https://riftdecks.com/cards/details-gold,/img/cards/riftbound/SFD/sfd-t03_full.png
